자산관리,자산키움,자산키움,C:\Users\bichn\Downloads\hero\asset\asset_inquiry.html,O
자산관리,자산조회,자산조회,C:\Users\bichn\Downloads\hero\asset\asset_kiwoom.html,O
자산관리,해외주식 양도세,해외주식 양도세,C:\Users\bichn\Downloads\hero\asset\tax_overseas.html,O
오늘의 금융상품,오늘의 금융상품,오늘의 금융상품,,X
종목포커스,종목포커스,종목포커스,,X
펀드,펀드발견,검색,,X
펀드,펀드발견,투자트렌드,,X
펀드,펀드잔고,잔고,,X
펀드,펀드업무,보고서신청,,X
펀드,펀드업무,수익률보고서,,X
펀드,펀드업무,투자자정보확인,,X
펀드,펀드업무,투융자펀드 계좌개설,,X
RP,RP발견,검색,C:\Users\bichn\Downloads\hero\rp\rp_list.html,O
RP,RP잔고,잔고,C:\Users\bichn\Downloads\hero\rp\rp_balance.html,O
ELS/ELB,ELS발견,청약중상품,,X
ELS/ELB,ELS발견,청약종료상품,,X
ELS/ELB,ELS잔고,잔고,,X
ELS/ELB,ELS잔고,숙려확인,,X
ELS/ELB,ELS잔고,청약취소,,X
ELS/ELB,ELS잔고,중도상환,,X
ELS/ELB,ELS잔고,ELS캘린더,,X
ELS/ELB,ELS업무,사회초년생전용ELB,,X
ELS/ELB,ELS업무,공지사항,,X
국내채권,장외채권 발견,장외채권 발견,,X
국내채권,장외채권 잔고,장외채권 잔고,,X
국내채권,장내채권 발견,장내채권 검색,,X
국내채권,장내채권 발견,관심채권,,X
국내채권,장내채권 발견,현재가,,X
국내채권,장내채권 발견,장내채권 주문,,X
국내채권,장내채권 잔고,장내채권 잔고,,X
해외채권,해외채권 발견,미국국채/KP물,,X
해외채권,해외채권 발견,기타중개외화채권,,X
해외채권,해외채권 발견,브라질국채,,X
해외채권,해외채권 잔고,해외채권 잔고,,X
해외채권,해외채권 업무,공지사항,,X
ISA,ISA발견,발견_상단menu,C:\Users\bichn\Downloads\hero\isa\isa_discovery.html,O
ISA,ISA발견,발견_scroll,C:\Users\bichn\Downloads\hero\isa\isa-discovery-scroll.html,O
ISA,ISA발견,발견_swipe,C:\Users\bichn\Downloads\hero\isa\isa-discovery-swipe.html,O
ISA,ISA잔고,잔고,C:\Users\bichn\Downloads\hero\isa\isa-balance-v4.html,O
ISA,ISA잔고,절세현황,C:\Users\bichn\Downloads\hero\isa\isa_tax_saving.html,O
ISA,ISA시작,ISA가입,,X
ISA,ISA시작,신청내역,,X
ISA,ISA업무,ISA업무,C:\Users\bichn\Downloads\files\isa-task.html,O
ISA,ISA업무,ISA업무,,X
ISA,ISA업무,ISA업무,,X
ISA,ISA업무,ISA업무,,X
ISA,ISA업무,ISA업무,,X
ISA,ISA업무,ISA업무,,O
ISA,ISA업무,ISA업무,,X
WRAP,WRAP발견,발견,,X
WRAP,WRAP잔고,잔고,,X
WRAP,WRAP시작,WRAP가입,,X
WRAP,WRAP업무,WRAP전환,,X
WRAP,WRAP업무,출금신청,,X
WRAP,WRAP업무,계약해지,,X
투자자문,투자자문 발견,발견,,X
투자자문,투자자문 잔고,잔고,,X
투자자문,투자자문 업무,해지하기,,X
